Workbook

Sheet план продаж
A1: Код_изделия | B1: Наименование | C1: Тип | D1: размеры_МКР | E1: Исполнение | F1: Размеры_ширина_МКР_см | G1: Размеры_высота_МКР_см | H1: Размеры_дно_МКР_см | I1: Размеры_высота_стромпы_петли_МКР_см | J1: поверхностная_плотность _полотна_гр/м2 | K1: Структура_плетения_полотна | L1: пошив_стропы | M1: пошив_стропы | N1: пошив_стропы | O1: пошив_стропы | P1: Количество | Q1: Документ_основание
A2: FIBC-4S-1500 | B2: Биг-бег 4-стропный 1500 кг | C2: Биг-бег | D2: 90/90/140(180) | E2: верх загр, дно выгр | F2: 90 | G2: 140 | H2: 90 | I2: 25 | J2: 180 | K2: обычное | L2: 2/3 | M2: =2/3 -> 0.66666667 | N2: 2/3 | O2: =2/3 -> 0.66666667 | P2: 5

Sheet сырье
A1: Код_сырья | B1: Наименование | C1: Количество_кг
B2: МФН нить | C2: ='МФН нити прошивочные'!#REF!+'МФН нити прошивочные'!#REF!+'МФН нити прошивочные'!T2+'МФН нити прошивочные'!#REF!+'МФН нити прошивочные'!#REF!+(лента!#REF!*7/100)+(лента!#REF!*7/100)+(лента!R2*7/100)+(лента!#REF!*7/100)+(лента!#REF!*7/100) -> #REF!
B3: ПП 030 | C3: =(92*'план производства'!F7)/100+(91*((экструзия!X3+экструзия!Y3)/100)) -> 9.0201767
B4: Карбонат кальция | C4: =(4*'план производства'!F7)/100 -> 0.33934431
B5: УФ стабилизатор | C5: =(2*'план производства'!F7)/100 -> 0.16967216
B6: краситель синий | C6: =1*(SUM(экструзия!X3:Y3)/100) -> 0.013354478
B7: ПП 270 | C7: =(38*0.0392)*85/100 -> 1.26616
B8: ПЭ ПВД | C8: =(38*0.0392)*15/100 -> 0.22344

Sheet план производства
A1: Код_изделия | B1: Наименование | C1: Тип | D1: размеры_см | E1: Исполнение | F1: Количество | G1: ед_измерения | H1: Документ_основание | I1: произведено_шт | J1: %_исполнения | K1: 45658 | M1: 45659 | O1: 45660 | Q1: 45661 | S1: 45662 | U1: 45663 | W1: 45664 | Y1: 45665 | AA1: 45666 | AC1: 45667 | AE1: 45668 | AG1: 45669 | AI1: 45670 | AK1: 45671 | AM1: 45672 | AO1: 45673 | AQ1: 45674 | AS1: 45675 | AU1: 45676 | AW1: 45677 | AY1: 45678 | BA1: 45679 | BC1: 45680 | BE1: 45681 | BG1: 45682 | BI1: 45683 | BK1: 45684 | BM1: 45685 | BO1: 45686 | BQ1: 45687 | BS1: 45688
A2: ='план продаж'!A2 -> FIBC-4S-1500 | B2: ='план продаж'!B2 -> Биг-бег 4-стропный 1500 кг | C2: ='план продаж'!C2 -> Биг-бег | D2: ='план продаж'!D2 -> 90/90/140(180) | E2: ='план продаж'!E2 -> верх загр, дно выгр | F2: ='план продаж'!P2 -> 5 | G2: шт | H2: ='план продаж'!Q2 -> 0 | I2: =SUM(O2:BT2) -> 0 | J2: =I2*100/F2 -> 0
A3: FIBC-2S-1000 | B3: Биг-бег 2-стропный 1000 кг | C3: Биг-бег | D3: 90/90/140(180) | E3: верх открытый, дно звезда | F3: 10 | G3: шт | H3: QC-00004 | I3: =SUM(K3:BT3) -> 0 | J3: =I3*100/F3 -> 0
A4: FIBC-2S-1000 | B4: Биг-бег 2-стропный 1000 кг | C4: Биг-бег | D4: 60/60/145(120) | E4: верх открытый, дно звезда | F4: 200 | G4: шт | H4: QC-00005 | I4: =SUM(K4:BT4) -> 0 | J4: =I4*100/F4 -> 0
A5: ST-50-BLUE | B5: Стропа 50мм голубая | C5: лента | D5: 5 | E5: плоскоткацкий | F5: =лента!R2*1.02 -> 1.6898 | G5: кг | I5: =SUM(K5:BT5) -> 0 | J5: =I5*100/F5 -> 0
A6: TK-WHT | B6: Ткань рукав белая | C6: =ткацкий!Q2 -> обычное | F6: =SUM(ткацкий!W2:W2)+ткацкий!W3 -> 21.981 | G6: м | I6: =SUM(K6:BT6) -> 0 | J6: =I6*100/F6 -> 0
A7: NIT-WHT | B7: нить | C7: нить | E7: нить | F7: =SUM(экструзия!X2:Y2)+экструзия!X3+экструзия!Y3 -> 8.4836078 | G7: кг | I7: =SUM(K7:BT7) -> 0 | J7: =I7*100/F7 -> 0
B8: раскрой | C8: крой | E8: крой | F8: =#REF!+#REF!+F2+F2*2+F3+F4 -> #REF! | G8: шт | J8: =I8*100/F8 -> #REF!
A9: PL-00001-BLUE | B9: защитный слой стропы ламинат синий | C9: пплам полотно синее | D9: 30/30(90) | E9: пплам полотно синее | F9: 38 | G9: м | I9: =SUM(K9:BT9) -> 0 | J9: =I9*100/F9 -> 0

Sheet МФН нити прошивочные
A1: Код_изделия | B1: Наименование | C1: Тип | D1: размеры_МКР | E1: Исполнение | F1: Количество_шт | G1: Документ_основание | H1: Код_сырья | I1: вес_10 см_шва | J1: Размеры_ширина_МКР_см | K1: Размеры_высота_МКР_см | L1: Размеры_дно_МКР_см | M1: Размеры_высота_стромпы_петли_МКР_см | N1: диаметр_выгр_см | O1: высота_выгр_рыкава_см | P1: диаметр_загр_см | Q1: высота_загр_рукава_см | R1: ¶=3,14 | S1: поверхностная_плотность _полотна_гр/м2 | T1: количество_для_производства_кг
A2: ='план продаж'!A2 -> FIBC-4S-1500 | B2: ='план продаж'!B2 -> Биг-бег 4-стропный 1500 кг | C2: ='план продаж'!C2 -> Биг-бег | D2: ='план продаж'!D2 -> 90/90/140(180) | E2: ='план продаж'!E2 -> верх загр, дно выгр | F2: ='план продаж'!P2 -> 5 | G2: ='план продаж'!Q2 -> 0 | I2: 0.077 | J2: ='план продаж'!F2 -> 90 | K2: ='план продаж'!G2 -> 140 | L2: ='план продаж'!H2 -> 90 | M2: ='план продаж'!I2 -> 25 | N2: 40 | O2: 48 | P2: 40 | Q2: 48 | R2: 3.14 | S2: ='план продаж'!J2 -> 180 | T2: =((J2*4+L2*4+O2+Q2+K2*4*'план продаж'!M2+N2*R2+P2*R2)*I2)/1000*'план продаж'!P2 -> 0.55460533

Sheet лента
A1: Код_изделия | B1: Наименование | C1: Тип | D1: размеры_МКР | E1: Исполнение | F1: Количество_шт | G1: Документ_основание | H1: Размеры_высота_МКР_см | I1: Размеры_высота_стромпы_петли_МКР_см | J1: Количество_лент | K1: длина_ленточки_20мм_см | L1: количеств_ленточеко | M1: пошив_стропы | N1: пошив_стропы | O1: пошив_стропы | P1: пошив_стропы | Q1: вес_1_метра_стропы_кг | R1: лента_для исполнения_кг
A2: ='план продаж'!A2 -> FIBC-4S-1500 | B2: ='план продаж'!B2 -> Биг-бег 4-стропный 1500 кг | C2: ='план продаж'!C2 -> Биг-бег | D2: ='план продаж'!D2 -> 90/90/140(180) | E2: ='план продаж'!E2 -> верх загр, дно выгр | F2: ='план продаж'!P2 -> 5 | G2: ='план продаж'!Q2 -> 0 | H2: ='план продаж'!G2 -> 140 | I2: ='план продаж'!I2 -> 25 | J2: 4 | K2: 60 | L2: 4 | M2: ='план продаж'!L2 -> 2/3 | N2: ='план продаж'!M2 -> 0.66666667 | O2: ='план продаж'!N2 -> 2/3 | P2: ='план продаж'!O2 -> 0.66666667 | Q2: 0.035 | R2: =(((N2*H2+P2*H2+I2*2)/100)*J2*F2)*Q2 -> 1.6566667
A3: =A2 -> FIBC-4S-1500 | B3: =B2 -> Биг-бег 4-стропный 1500 кг | C3: =C2 -> Биг-бег | D3: =D2 -> 90/90/140(180) | E3: =E2 -> верх загр, дно выгр | F3: =F2 -> 5 | G3: =G2 -> 0 | H3: =H2 -> 140 | ... P3: =P2 -> 0.66666667 | Q3: 0.005 | R3: =(((L3*K3)/100)*Q3)*F3 -> 0.06

Sheet чехол стропа
A1: Код_изделия | B1: Наименование | C1: Тип | D1: размеры_МКР | E1: Исполнение | F1: Количество_шт | G1: Документ_основание | H1: Размеры_высота_МКР_см | I1: Размеры_высота_стромпы_петли_МКР_см | J1: Количество_строп | K1: пошив_стропы | L1: пошив_стропы | M1: пошив_стропы | N1: пошив_стропы | O1: вес_1_шт_кг | P1: лента_для исполнения_кг
A2: ='план продаж'!A2 -> FIBC-4S-1500 | B2: ='план продаж'!B2 -> Биг-бег 4-стропный 1500 кг | C2: ='план продаж'!C2 -> Биг-бег | D2: ='план продаж'!D2 -> 90/90/140(180) | E2: ='план продаж'!E2 -> верх загр, дно выгр | F2: ='план продаж'!P2 -> 5 | G2: ='план продаж'!Q2 -> 0 | H2: ='план продаж'!G2 -> 140 | I2: ='план продаж'!I2 -> 25 | J2: 0 | K2: - | M2: - | O2: =0.3*0.3*0.09 -> 0.0081 | P2: =O2*F2*J2 -> 0

Sheet ткацкий
A1: Код_изделия | B1: Наименование | C1: Тип | D1: размеры_МКР | E1: Исполнение | F1: полотно_количество_слоев_шт | G1: Размеры_ширина_МКР_см | H1: Размеры_высота_МКР_см | I1: Размеры_дно_МКР_см | J1: Размеры_высота_стромпы_петли_МКР_см | K1: поверхностная_плотность _полотна_гр/м2 | L1: диаметр_выгр_см | M1: высота_выгр_рыкава_см | N1: диаметр_загр_см | O1: высота_загр_рукава_см | P1: ¶=3,14 | Q1: Структура_плетения_полотна | R1: Количество_шт | S1: Документ_основание | T1: Код_ткани | U1: наименование | V1: Длина-заготовки_1шт_м | W1: длина_на_исполнение_заказа_м
A2: ='план продаж'!A2 -> FIBC-4S-1500 | B2: ='план продаж'!B2 -> Биг-бег 4-стропный 1500 кг | C2: ='план продаж'!C2 -> Биг-бег | D2: ='план продаж'!D2 -> 90/90/140(180) | E2: ='план продаж'!E2 -> верх загр, дно выгр | F2: 1 | G2: ='план продаж'!F2 -> 90 | H2: ='план продаж'!G2 -> 140 | I2: ='план продаж'!H2 -> 90 | J2: ='план продаж'!I2 -> 25 | K2: ='план продаж'!J2 -> 180 | L2: 40 | M2: 48 | N2: 40 | O2: 48 | P2: 3.14 | Q2: обычное | R2: ='план продаж'!P2 -> 5 | S2: ='план продаж'!Q2 -> 0 | T2: TK-90-185-WHT | U2: Ткань фальц 90см 185г/м² белая | V2: =(H2+5+I2+5)/100 -> 2.4 | W2: =V2*R2*1.02 -> 12.24
A3: =A2 -> FIBC-4S-1500 | B3: =B2 -> Биг-бег 4-стропный 1500 кг | C3: =C2 -> Биг-бег | D3: =D2 -> 90/90/140(180) | E3: =E2 -> верх загр, дно выгр | F3: =F2 -> 1 | G3: 90 | H3: =H2 -> 140 | I3: =I2 -> 90 | J3: =J2 -> 25 | K3: 72 | L3: =L2 -> 40 | M3: =M2 -> 48 | N3: =N2 -> 40 | O3: =O2 -> 48 | P3: =P2 -> 3.14 | Q3: шахматка | R3: =R2 -> 5 | S3: =S2 -> 0 | T3: TK-98-72-WHT | U3: Ткань рукав 196см 72г/м² беж | V3: =(O3+M3+G3+5)/100 -> 1.91 | W3: =V3*R3*1.02 -> 9.741
G17: TK-150-140-WHT | H17: Ткань рукав 150см 140г/м² белая

Sheet экструзия
A1: Код_изделия | B1: Наименование | C1: Структура_плетения_полотна | D1: Документ_основание | E1: Код_ткани | F1: наименование | G1: длина_на_исполнение_заказа_м | H1: плотность_полотна_гр/м2 | I1: количество_нитей_основы_на_заправку_шт | J1: ширина полотна_в_развороте_мм | K1: ширина_полотна_в_развороте_м | L1: денье_м | M1: код_нити_основы | N1: нить_основа_мм | O1: нить_основа_Дн | P1: количество_нити_основы_на_10см_шт | Q1: код_нити_утка | R1: нить_уток_мм | S1: нить_уток_Дн | T1: количество_нити_утка_на_10см_шт | U1: плотность_полотна_математически_расчетная_гр/м2 | V1: разрывная_основы_КГС | W1: разрывная_утка_КГС | X1: нить_основы_кг | Y1: нить_оутка_кг
A2: =ткацкий!A2 -> FIBC-4S-1500 | B2: =ткацкий!B2 -> Биг-бег 4-стропный 1500 кг | C2: =ткацкий!Q2 -> обычное | D2: =ткацкий!S2 -> 0 | E2: =ткацкий!T2 -> TK-90-185-WHT | F2: =ткацкий!U2 -> Ткань фальц 90см 185г/м² белая | G2: =ткацкий!W2 -> 12.24 | H2: =ткацкий!K2 -> 180 | I2: =J2/N2 -> 1440 | J2: =ткацкий!G2*4*10 -> 3600 | K2: =J2/1000 -> 3.6 | L2: 9 | M2: NIT-1850-WHT | N2: 2.5 | O2: 1850 | P2: 40 | Q2: NIT-1800-WHT | R2: 4.5 | S2: 1800 | T2: 48 | U2: =O2/9*P2/100+S2/9*T2/100 -> 178.22222 | V2: =(O2*(P2/2)*5)*0.95/1000 -> 175.75 | W2: =(S2*(T2/2)*5)*0.93/1000 -> 200.88 | X2: =(((I2*((O2/1000)/L2))*G2))*0.001 -> 3.62304 | Y2: =(((P2*10)*(S2/1000)/L2)*K2)*G2*0.001 -> 3.52512
A3: =A2 -> FIBC-4S-1500 | B3: =B2 -> Биг-бег 4-стропный 1500 кг | C3: =ткацкий!Q3 -> шахматка | D3: =D2 -> 0 | E3: =ткацкий!T3 -> TK-98-72-WHT | F3: =ткацкий!U3 -> Ткань рукав 196см 72г/м² беж | G3: =ткацкий!W3 -> 9.741 | H3: =ткацкий!K3 -> 72 | I3: 652 | J3: 1960 | K3: =J3/1000 -> 1.96 | L3: 9 | M3: NIT-950-BEJ | N3: 3 | O3: 950 | P3: 33 | Q3: NIT-950-BEJ | R3: 3 | S3: 950 | T3: 33 | U3: =O3/9*P3/100+S3/9*T3/100 -> 69.666667 | V3: =(O3*(P3/2)*5)*0.95/1000 -> 74.45625 | W3: =(S3*(T3/2)*5)*0.93/1000 -> 72.88875 | X3: =(((I3*((O3/1000)/L3))*G3))*0.001 -> 0.67039727 | Y3: =(((P3*10)*(S3/1000)/L3)*K3)*G3*0.001 -> 0.66505054

Sheet расчет веса
D1: МКР габаритные размеры | E1: ширина, см | F1: высота, см | G1: дно, см | H1: петля, см | I1: загр/выгр диаметр | J1: загр/выгр высота
E2: ='план продаж'!F2 -> 90 | F2: ='план продаж'!G2 -> 140 | G2: ='план продаж'!H2 -> 90 | H2: ='план продаж'!I2 -> 25 | I2: =ткацкий!L2 -> 40 | J2: =ткацкий!O2 -> 48
D3: ВИД рулона | E3: Полотно - РПП 110 см - 140 гр\м2 | H3: ППЛ беж 98см 72 гр\м2+23 гр\м2 лам
D5: Наименование | E5: параметры
E6: ширина, см | F6: длина, см | G6: количество слоев, шт | H6: повенрхностная плотность полотна | J6: вес, гр
D7: полотно | E7: =E2 -> 90 | F7: =F2 -> 140 | G7: 4 | H7: 0.018 | J7: =(E7*F7*G7*H7)-I7 -> 907.2
D8: дно | E8: 95 | F8: 95 | G8: 1 | H8: 0.018 | J8: =((E8*F8)-I8)*G8*H8 -> 162.45
D9: стропа 2/3 | E9: 5 | F9: =(F2/3*2*2+25*2) -> 236.66667 | G9: 4 | H9: 0.35 | J9: =F9*G9*H9 -> 331.33333
D10: инф карман а 4 | J10: 5
D11: нить на пошив | F11: =E2*4+G2*4+F2/3*2*4+E13*2+F13*2 -> 1452.5333 | H11: 0.077 | J11: =H11*F11 -> 111.84507
D12: крышка
D13: загр/выгр | E13: =I2*3.14+3 -> 128.6 | F13: =J2+3 -> 51 | G13: 2 | H13: 0.0095 | J13: =(E13*F13*G13*H13)-I13 -> 124.6134
D14: узкая лента | E14: 2 | F14: 120 | G14: 2 | H14: 0.05 | J14: =F14*G14*H14 -> 12
D15: итого, вес | J15: =SUM(J7:J14) -> 1654.4418

Sheet зк
E2: Заправочная карта круглоткацкого станка (36 секторов)
C5: № станка | D5: _______ | F5: Ширина полотна | H5: 90 СМ | K5: Поверхностная плотность полотна | M5: 180 гр/м²
C7: Вес погонного метра полотна | H7: 648,0 гр/п/м
C9: Количество нитей основы | H9: 1440шт
C11: Параметры нити основы | H11: 2,5 мм – 1850 Дн
C13: Параметры нити утка | H13: 4,5 мм – 1800 Дн
C15: Плотность плетения на 10 см основа /уток | H15: 40/48
C17: Вид полотна | H17: обычное
C19: Диаметр кольца
C22: сектор | D22: 1 | E22: 2 | F22: 3 | G22: 4 | H22: 5 | I22: 6 | J22: 7 | K22: 8 | L22: 9
C23: верх | D23: 13 | E23: 13 | F23: 13 | G23: 13 | H23: 13 | I23: 13 | J23: 13 | K23: 13 | L23: 13
C24: низ | D24: 13 | E24: 13 | F24: 13 | G24: 13 | H24: 13 | I24: 13 | J24: 13 | K24: 13 | L24: 13
C26: Ответственное лицо________________________
