Workbook

Sheet план продаж
A1: Код_изделия | B1: Наименование | C1: Тип | D1: размеры_МКР | E1: Исполнение | F1: Размеры_ширина_МКР_см | G1: Размеры_высота_МКР_см | H1: Размеры_дно_МКР_см | I1: Размеры_высота_стромпы_петли_МКР_см | J1: поверхностная_плотность _полотна_гр/м2 | K1: Структура_плетения_полотна | L1: пошив_стропы | M1: пошив_стропы | N1: пошив_стропы | O1: пошив_стропы | P1: Количество | Q1: Документ_основание
A2: FIBC-2S-1000 | B2: Биг-бег 2-стропный 1000 кг | C2: Биг-бег | D2: 75/75/140(140) | E2: верх открытый, дно звезда | F2: 75 | G2: 140 | H2: 75 | I2: 50 | J2: 140 | K2: шахматка | L2: - | N2: - | P2: 100 шт | Q2: QC-00001
A3: FIBC-2S-1000 | B3: Биг-бег 2-стропный 1000 кг | C3: Биг-бег | D3: 80/80/155(160) | E3: верх открытый, дно звезда | F3: 80 | G3: 155 | H3: 80 | I3: 55 | J3: 160 | K3: шахматка | L3: - | N3: - | P3: 100 шт | Q3: QC-00002
A4: FIBC-4S-1500 | B4: Биг-бег 4-стропный 1500 кг | C4: Биг-бег | D4: 90/90/130(160) | E4: верх открытый, дно глухое | F4: 90 | G4: 130 | H4: 90 | I4: 25 | J4: 160 | K4: обычное | L4: 1/3 | M4: =1/3 -> 0.33333333 | N4: 2/3 | O4: =2/3 -> 0.66666667 | P4: 1000 шт | Q4: QC-00003
A5: FIBC-2S-1000 | B5: Биг-бег 2-стропный 1000 кг | C5: Биг-бег | D5: 90/90/140(180) | E5: верх открытый, дно звезда | F5: 90 | G5: 140 | H5: 90 | I5: 60 | J5: 180 | K5: шахматка | L5: - | N5: - | P5: 10 шт | Q5: QC-00004
A6: FIBC-2S-1000 | B6: Биг-бег 2-стропный 1000 кг | C6: Биг-бег | D6: 60/60/145(120) | E6: верх открытый, дно звезда | F6: 60 | G6: 145 | H6: 60 | I6: 50 | J6: 120 | K6: шахматка | L6: - | N6: - | P6: 200 шт | Q6: QC-00005

Sheet сырье
A1: Код_сырья | B1: Наименование | C1: Количество_кг
B2: МФН нить | C2: ='МФН нити прошивочные'!O2+'МФН нити прошивочные'!O3+'МФН нити прошивочные'!O4+'МФН нити прошивочные'!O5+'МФН нити прошивочные'!O6+(лента!P2*7/100)+(лента!P3*7/100)+(лента!P4*7/100)+(лента!P5*7/100)+(лента!P6*7/100) -> 92.9152
B3: ПП 030 | C3: =(92*'план производства'!F9)/100+(91*((экструзия!X7+экструзия!Y7)/100)) -> 2986.4169
B4: Карбонат кальция | C4: =(4*'план производства'!F9)/100 -> 129.63809
B5: УФ стабилизатор | C5: =(2*'план производства'!F9)/100 -> 64.819047
B6: краситель синий | C6: =1*(SUM(экструзия!X7:Y7)/100) -> 0.052096311
B7: ПП 270 | C7: =(38*0.0392)*85/100 -> 1.26616
B8: ПЭ ПВД | C8: =(38*0.0392)*15/100 -> 0.22344

Sheet план производства
A1: Код_изделия | B1: Наименование | C1: Тип | D1: размеры_см | E1: Исполнение | F1: Количество | G1: ед_измерения | H1: Документ_основание | I1: произведено_шт | J1: %_исполнения | K1: 45658 | M1: 45659 | O1: 45660 | Q1: 45661 | S1: 45662 | U1: 45663 | W1: 45664 | Y1: 45665 | AA1: 45666 | AC1: 45667 | AE1: 45668 | AG1: 45669 | AI1: 45670 | AK1: 45671 | AM1: 45672 | AO1: 45673 | AQ1: 45674 | AS1: 45675 | AU1: 45676 | AW1: 45677 | AY1: 45678 | BA1: 45679 | BC1: 45680 | BE1: 45681 | BG1: 45682 | BI1: 45683 | BK1: 45684 | BM1: 45685 | BO1: 45686 | BQ1: 45687 | BS1: 45688
A2: FIBC-2S-1000 | B2: Биг-бег 2-стропный 1000 кг | C2: Биг-бег | D2: 75/75/140(140) | E2: верх открытый, дно звезда | F2: 100 | G2: шт | H2: QC-00001 | I2: =SUM(O2:BT2) -> 100 | J2: =I2*100/F2 -> 100 | O2: 10 | P2: 22 | Q2: 12 | R2: 32 | S2: 14 | T2: 10
A3: FIBC-2S-1000 | B3: Биг-бег 2-стропный 1000 кг | C3: Биг-бег | D3: 80/80/155(160) | E3: верх открытый, дно звезда | F3: 100 | G3: шт | H3: QC-00002 | I3: =SUM(O3:BT3) -> 100 | J3: =I3*100/F3 -> 100 | T3: 5 | U3: 17 | V3: 44 | W3: 16 | X3: 18
A4: FIBC-4S-1500 | B4: Биг-бег 4-стропный 1500 кг | C4: Биг-бег | D4: 90/90/130(160) | E4: верх открытый, дно глухое | F4: 1000 | G4: шт | H4: QC-00003 | I4: =SUM(O4:BT4) -> 1000 | J4: =I4*100/F4 -> 100 | O4: 200 | P4: 100 | Q4: 140 | R4: 70 | S4: 80 | T4: 74 | U4: 25 | W4: 13 | X4: 14 | Y4: 140 | Z4: 144
A5: FIBC-2S-1000 | B5: Биг-бег 2-стропный 1000 кг | C5: Биг-бег | D5: 90/90/140(180) | E5: верх открытый, дно звезда | F5: 10 | G5: шт | H5: QC-00004 | I5: =SUM(K5:BT5) -> 10 | J5: =I5*100/F5 -> 100 | Z5: 3 | AA5: 7
A6: FIBC-2S-1000 | B6: Биг-бег 2-стропный 1000 кг | C6: Биг-бег | D6: 60/60/145(120) | E6: верх открытый, дно звезда | F6: 200 | G6: шт | H6: QC-00005 | I6: =SUM(K6:BT6) -> 200 | J6: =I6*100/F6 -> 100 | AA6: 45 | AB6: 24 | AC6: 95 | AD6: 36
A7: ST-50-BLUE | B7: Стропа 50мм голубая | C7: лента | D7: 5 | E7: плоскоткацкий | F7: =лента!P4*1.02 -> 257.04 | G7: кг | I7: =SUM(K7:BT7) -> 257.04 | J7: =I7*100/F7 -> 100 | K7: 55.04 | L7: 50 | M7: 50 | N7: 50 | O7: 52
A8: TK-WHT | B8: Ткань рукав белая | C8: =ткацкий!L2 -> шахматка | F8: =SUM(ткацкий!R2:R6)+ткацкий!R7 -> 6540.7716 | G8: м | I8: =SUM(K8:BT8) -> 6542 | J8: =I8*100/F8 -> 100.01878 | L8: 1800 | M8: 1800 | N8: 1800 | O8: 642 | P8: 500
A9: NIT-WHT | B9: нить | C9: нить | E9: нить | F9: =SUM(экструзия!X2:Y6)+экструзия!X7+экструзия!Y7 -> 3240.9523 | G9: кг | I9: =SUM(K9:BT9) -> 3241 | J9: =I9*100/F9 -> 100.00147 | K9: 1700 | L9: 1541
B10: раскрой | C10: крой | E10: крой | F10: =F2+F3+F4+F4*2+F5+F6 -> 3410 | G10: шт | I10: =SUM(K10:BT10) -> 3410 | J10: =I10*100/F10 -> 100 | M10: 1000 | N10: 1000 | O10: 1000 | P10: 410
A11: PL-00001-BLUE | B11: защитный слой стропы ламинат синий | C11: пплам полотно синее | D11: 30/30(90) | E11: пплам полотно синее | F11: 38 | G11: м | I11: =SUM(K11:BT11) -> 38 | J11: =I11*100/F11 -> 100 | M11: 38

Sheet МФН нити прошивочные
A1: Код_изделия | B1: Наименование | C1: Тип | D1: размеры_МКР | E1: Исполнение | F1: Количество_шт | G1: Документ_основание | H1: Код_сырья | I1: вес_10 см_шва | J1: Размеры_ширина_МКР_см | K1: Размеры_высота_МКР_см | L1: Размеры_дно_МКР_см | M1: Размеры_высота_стромпы_петли_МКР_см | N1: поверхностная_плотность _полотна_гр/м2 | O1: количество_для_производства_кг
A2: FIBC-2S-1000 | B2: Биг-бег 2-стропный 1000 кг | C2: Биг-бег | D2: 75/75/140(140) | E2: верх открытый, дно звезда | F2: 100 | G2: QC-00001 | I2: 0.077 | J2: 75 | K2: 140 | L2: 75 | M2: 50 | N2: 140 | O2: =((J2*4)*I2*F2)/1000+(I2*0.2*F2*2) -> 5.39
A3: FIBC-2S-1000 | B3: Биг-бег 2-стропный 1000 кг | C3: Биг-бег | D3: 80/80/155(160) | E3: верх открытый, дно звезда | F3: 100 | G3: QC-00002 | I3: 0.077 | J3: 80 | K3: 155 | L3: 80 | M3: 55 | N3: 160 | O3: =((J3*4)*I3*F3)/1000+(I3*0.2*F3*2) -> 5.544
A4: FIBC-4S-1500 | B4: Биг-бег 4-стропный 1500 кг | C4: Биг-бег | D4: 90/90/130(160) | E4: верх открытый, дно глухое | F4: 1000 | G4: QC-00003 | I4: 0.077 | J4: 90 | K4: 130 | L4: 90 | M4: 25 | N4: 160 | O4: =((K4*2+J4)*2*I4*F4)/1000 -> 53.9
A5: FIBC-2S-1000 | B5: Биг-бег 2-стропный 1000 кг | C5: Биг-бег | D5: 90/90/140(180) | E5: верх открытый, дно звезда | F5: 10 | G5: QC-00004 | I5: 0.077 | J5: 90 | K5: 140 | L5: 90 | M5: 60 | N5: 180 | O5: =((J5*4)*I5*F5)/1000+(I5*0.2*F5*2) -> 0.5852
A6: FIBC-2S-1000 | B6: Биг-бег 2-стропный 1000 кг | C6: Биг-бег | D6: 60/60/145(120) | E6: верх открытый, дно звезда | F6: 200 | G6: QC-00005 | I6: 0.077 | J6: 60 | K6: 145 | L6: 60 | M6: 50 | N6: 120 | O6: =((J6*4)*I6*F6)/1000+(I6*0.2*F6*2) -> 9.856

Sheet лента
A1: Код_изделия | B1: Наименование | C1: Тип | D1: размеры_МКР | E1: Исполнение | F1: Количество_шт | G1: Документ_основание | H1: Размеры_высота_МКР_см | I1: Размеры_высота_стромпы_петли_МКР_см | J1: Количество_лент | K1: пошив_стропы | L1: пошив_стропы | M1: пошив_стропы | N1: пошив_стропы | O1: вес_1_метра_стропы_кг | P1: лента_для исполнения_кг
A2: FIBC-2S-1000 | B2: Биг-бег 2-стропный 1000 кг | C2: Биг-бег | D2: 75/75/140(140) | E2: верх открытый, дно звезда | F2: 100 | G2: QC-00001 | H2: 140 | I2: 50 | J2: 0 | K2: - | M2: - | P2: =(((L2*H2+N2*H2+I2*2)/100)*J2*F2)*O2 -> 0
A3: FIBC-2S-1000 | B3: Биг-бег 2-стропный 1000 кг | C3: Биг-бег | D3: 80/80/155(160) | E3: верх открытый, дно звезда | F3: 100 | G3: QC-00002 | H3: 155 | I3: 55 | J3: 0 | K3: - | M3: - | P3: =(((L3*H3+N3*H3+I3*2)/100)*J3*F3)*O3 -> 0
A4: FIBC-4S-1500 | B4: Биг-бег 4-стропный 1500 кг | C4: Биг-бег | D4: 90/90/130(160) | E4: верх открытый, дно глухое | F4: 1000 | G4: QC-00003 | H4: 130 | I4: 25 | J4: 4 | K4: 1/3 | L4: =1/3 -> 0.33333333 | M4: 2/3 | N4: =2/3 -> 0.66666667 | O4: 0.035 | P4: =(((L4*H4+N4*H4+I4*2)/100)*J4*F4)*O4 -> 252
A5: FIBC-2S-1000 | B5: Биг-бег 2-стропный 1000 кг | C5: Биг-бег | D5: 90/90/140(180) | E5: верх открытый, дно звезда | F5: 10 | G5: QC-00004 | H5: 140 | I5: 60 | J5: 0 | K5: - | M5: - | P5: =(((L5*H5+N5*H5+I5*2)/100)*J5*F5)*O5 -> 0
A6: FIBC-2S-1000 | B6: Биг-бег 2-стропный 1000 кг | C6: Биг-бег | D6: 60/60/145(120) | E6: верх открытый, дно звезда | F6: 200 | G6: QC-00005 | H6: 145 | I6: 50 | J6: 0 | K6: - | M6: - | P6: =(((L6*H6+N6*H6+I6*2)/100)*J6*F6)*O6 -> 0

Sheet чехол стропа
A1: Код_изделия | B1: Наименование | C1: Тип | D1: размеры_МКР | E1: Исполнение | F1: Количество_шт | G1: Документ_основание | H1: Размеры_высота_МКР_см | I1: Размеры_высота_стромпы_петли_МКР_см | J1: Количество_строп | K1: пошив_стропы | L1: пошив_стропы | M1: пошив_стропы | N1: пошив_стропы | O1: вес_1_шт_кг | P1: лента_для исполнения_кг
A2: FIBC-2S-1000 | B2: Биг-бег 2-стропный 1000 кг | C2: Биг-бег | D2: 75/75/140(140) | E2: верх открытый, дно звезда | F2: 100 | G2: QC-00001 | H2: 140 | I2: 50 | J2: 2 | K2: - | M2: - | O2: =0.3*0.3*0.09 -> 0.0081 | P2: =O2*F2*J2 -> 1.62
A3: FIBC-2S-1000 | B3: Биг-бег 2-стропный 1000 кг | C3: Биг-бег | D3: 80/80/155(160) | E3: верх открытый, дно звезда | F3: 100 | G3: QC-00002 | H3: 155 | I3: 55 | J3: 2 | K3: - | M3: - | O3: =0.3*0.3*0.09 -> 0.0081 | P3: =O3*F3*J3 -> 1.62
A4: FIBC-4S-1500 | B4: Биг-бег 4-стропный 1500 кг | C4: Биг-бег | D4: 90/90/130(160) | E4: верх открытый, дно глухое | F4: 1000 | G4: QC-00003 | H4: 130 | I4: 25 | J4: 0 | K4: 1/3 | L4: =1/3 -> 0.33333333 | M4: 2/3 | N4: =2/3 -> 0.66666667 | O4: 0 | P4: =O4*F4*J4 -> 0
A5: FIBC-2S-1000 | B5: Биг-бег 2-стропный 1000 кг | C5: Биг-бег | D5: 90/90/140(180) | E5: верх открытый, дно звезда | F5: 10 | G5: QC-00004 | H5: 140 | I5: 60 | J5: 2 | K5: - | M5: - | O5: =0.3*0.3*0.09 -> 0.0081 | P5: =O5*F5*J5 -> 0.162
A6: FIBC-2S-1000 | B6: Биг-бег 2-стропный 1000 кг | C6: Биг-бег | D6: 60/60/145(120) | E6: верх открытый, дно звезда | F6: 200 | G6: QC-00005 | H6: 145 | I6: 50 | J6: 2 | K6: - | M6: - | O6: =0.3*0.3*0.09 -> 0.0081 | P6: =O6*F6*J6 -> 3.24

Sheet ткацкий
A1: Код_изделия | B1: Наименование | C1: Тип | D1: размеры_МКР | E1: Исполнение | F1: полотно_количество_слоев_шт | G1: Размеры_ширина_МКР_см | H1: Размеры_высота_МКР_см | I1: Размеры_дно_МКР_см | J1: Размеры_высота_стромпы_петли_МКР_см | K1: поверхностная_плотность _полотна_гр/м2 | L1: Структура_плетения_полотна | M1: Количество_шт | N1: Документ_основание | O1: Код_ткани | P1: наименование | Q1: Длина-заготовки_1шт_м | R1: длина_на_исполнение_заказа_м
A2: FIBC-2S-1000 | B2: Биг-бег 2-стропный 1000 кг | C2: Биг-бег | D2: 75/75/140(140) | E2: верх открытый, дно звезда | F2: 1 | G2: 75 | H2: 140 | I2: 75 | J2: 50 | K2: 140 | L2: шахматка | M2: 100 | N2: QC-00001 | O2: TK-150-140-WHT | P2: Ткань фальц 75см 140г/м² белая | Q2: =(H2+J2+20+I2/1.55)/100 -> 2.583871 | R2: =Q2*M2*1.02 -> 263.55484
A3: FIBC-2S-1000 | B3: Биг-бег 2-стропный 1000 кг | C3: Биг-бег | D3: 80/80/155(160) | E3: верх открытый, дно звезда | F3: 1 | G3: 80 | H3: 155 | I3: 80 | J3: 55 | K3: 160 | L3: шахматка | M3: 100 | N3: QC-00002 | O3: TK-160-160-WHT | P3: Ткань фальц 80см 160г/м² белая | Q3: =(H3+J3+20+I3/1.55)/100 -> 2.816129 | R3: =Q3*M3*1.02 -> 287.24516
A4: FIBC-4S-1500 | B4: Биг-бег 4-стропный 1500 кг | C4: Биг-бег | D4: 90/90/130(160) | E4: верх открытый, дно глухое | F4: 2 | G4: 90 | H4: 130 | I4: 90 | J4: 25 | K4: 160 | L4: обычное | M4: 1000 | N4: QC-00003 | O4: TK-180-160-WHT | P4: Ткань рукав 180см 160г/м² белая | Q4: =(H4+G4+H4+I4*2)/100 -> 5.3 | R4: =Q4*M4*1.02 -> 5406
A5: FIBC-2S-1000 | B5: Биг-бег 2-стропный 1000 кг | C5: Биг-бег | D5: 90/90/140(180) | E5: верх открытый, дно звезда | F5: 1 | G5: 90 | H5: 140 | I5: 90 | J5: 60 | K5: 180 | L5: шахматка | M5: 10 | N5: QC-00004 | O5: TK-180-180-WHT | P5: Ткань фальц 90см 180г/м² белая | Q5: =(H5+J5+20+I5/1.55)/100 -> 2.7806452 | R5: =Q5*M5*1.02 -> 28.362581
A6: FIBC-2S-1000 | B6: Биг-бег 2-стропный 1000 кг | C6: Биг-бег | D6: 60/60/145(120) | E6: верх открытый, дно звезда | F6: 1 | G6: 60 | H6: 145 | I6: 60 | J6: 50 | K6: 120 | L6: шахматка | M6: 200 | N6: QC-00005 | O6: TK-120-120-WHT | P6: Ткань фальц 60см 120г/м² белая | Q6: =(H6+J6+20+I6/1.55)/100 -> 2.5370968 | R6: =Q6*M6*1.02 -> 517.56774
L7: шахматка | M7: =(M2+M3+M5+M6)*2 -> 820 | O7: TK-98-78-WHT | P7: Ткань рукав 196см 78г/м² белая | Q7: 0.3 | R7: =(M7/((196-2)/30))*Q7 -> 38.041237
G21: TK-150-140-WHT | H21: Ткань рукав 150см 140г/м² белая

Sheet экструзия
A1: Код_изделия | B1: Наименование | C1: Структура_плетения_полотна | D1: Документ_основание | E1: Код_ткани | F1: наименование | G1: длина_на_исполнение_заказа_м | H1: плотность_полотна_гр/м2 | I1: количество_нитей_основы_на_заправку_шт | J1: ширина полотна_в_развороте_мм | K1: ширина_полотна_в_развороте_м | L1: денье_м | M1: код_нити_основы | N1: нить_основа_мм | O1: нить_основа_Дн | P1: количество_нити_основы_на_10см_шт | Q1: код_нити_утка | R1: нить_уток_мм | S1: нить_уток_Дн | T1: количество_нити_утка_на_10см_шт | U1: плотность_полотна_математически_расчетная_гр/м2 | V1: разрывная_основы_КГС | W1: разрывная_утка_КГС | X1: нить_основы_кг | Y1: нить_оутка_кг
A2: FIBC-2S-1000 | B2: Биг-бег 2-стропный 1000 кг | C2: шахматка | D2: QC-00001 | E2: TK-150-140-WHT | F2: Ткань фальц 75см 140г/м² белая | G2: =ткацкий!R2 -> 263.55484 | H2: 140 | I2: =J2/N2 -> 1200 | J2: 3000 | K2: 3 | L2: 9 | M2: NIT-1570-WHT | N2: 2.5 | O2: 1570 | P2: 40 | Q2: NIT-1570-WHT | R2: 2.5 | S2: 1570 | T2: 40 | U2: =O2/9*P2/100+S2/9*T2/100 -> 139.55556 | V2: =(O2*(P2/2)*5)*0.95/1000 -> 149.15 | W2: =(S2*(T2/2)*5)*0.93/1000 -> 146.01 | X2: =(((I2*((O2/1000)/L2))*G2))*0.001 -> 55.170813 | Y2: =(((P2*10)*(S2/1000)/L2)*K2)*G2*0.001 -> 55.170813
A3: FIBC-2S-1000 | B3: Биг-бег 2-стропный 1000 кг | C3: шахматка | D3: QC-00002 | E3: TK-160-160-WHT | F3: Ткань фальц 80см 160г/м² белая | G3: =ткацкий!R3 -> 287.24516 | H3: 160 | I3: =J3/N3 -> 1280 | J3: 3200 | K3: 3.2 | L3: 9 | M3: NIT-1800-WHT | N3: 2.5 | O3: 1800 | P3: 40 | Q3: NIT-1800-WHT | R3: 2.5 | S3: 1800 | T3: 40 | U3: =O3/9*P3/100+S3/9*T3/100 -> 160 | V3: =(O3*(P3/2)*5)*0.95/1000 -> 171 | W3: =(S3*(T3/2)*5)*0.93/1000 -> 167.4 | X3: =(((I3*((O3/1000)/L3))*G3))*0.001 -> 73.534761 | Y3: =(((P3*10)*(S3/1000)/L3)*K3)*G3*0.001 -> 73.534761
A4: FIBC-4S-1500 | B4: Биг-бег 4-стропный 1500 кг | C4: обычное | D4: QC-00003 | E4: TK-180-160-WHT | F4: Ткань рукав 180см 160г/м² белая | G4: =ткацкий!R4 -> 5406 | H4: 160 | I4: =J4/N4 -> 1440 | J4: 3600 | K4: 3.6 | L4: 9 | M4: NIT-1650-WHT | N4: 2.5 | O4: 1650 | P4: 40 | Q4: NIT-1600-WHT | R4: 4.5 | S4: 1600 | T4: 48 | U4: =O4/9*P4/100+S4/9*T4/100 -> 158.66667 | V4: =(O4*(P4/2)*5)*0.95/1000 -> 156.75 | W4: =(S4*(T4/2)*5)*0.93/1000 -> 178.56 | X4: =(((I4*((O4/1000)/L4))*G4))*0.001 -> 1427.184 | Y4: =(((P4*10)*(S4/1000)/L4)*K4)*G4*0.001 -> 1383.936
A5: FIBC-2S-1000 | B5: Биг-бег 2-стропный 1000 кг | C5: шахматка | D5: QC-00004 | E5: TK-180-180-WHT | F5: Ткань фальц 90см 180г/м² белая | G5: =ткацкий!R5 -> 28.362581 | H5: 180 | I5: =J5/N5 -> 1440 | J5: 3600 | K5: 3.6 | L5: 9 | M5: NIT-2000-WHT | N5: 2.5 | O5: 2000 | P5: 40 | Q5: NIT-2000-WHT | R5: 2.5 | S5: 2000 | T5: 40 | U5: =O5/9*P5/100+S5/9*T5/100 -> 177.77778 | V5: =(O5*(P5/2)*5)*0.95/1000 -> 190 | W5: =(S5*(T5/2)*5)*0.93/1000 -> 186 | X5: =(((I5*((O5/1000)/L5))*G5))*0.001 -> 9.0760258 | Y5: =(((P5*10)*(S5/1000)/L5)*K5)*G5*0.001 -> 9.0760258
A6: FIBC-2S-1000 | B6: Биг-бег 2-стропный 1000 кг | C6: шахматка | D6: QC-00005 | E6: TK-120-120-WHT | F6: Ткань фальц 60см 120г/м² белая | G6: =ткацкий!R6 -> 517.56774 | H6: 120 | I6: =J6/N6 -> 960 | J6: 2400 | K6: 2.4 | L6: 9 | M6: NIT-1350-WHT | N6: 2.5 | O6: 1350 | P6: 40 | Q6: NIT-1350-WHT | R6: 2.5 | S6: 1350 | T6: 40 | U6: =O6/9*P6/100+S6/9*T6/100 -> 120 | V6: =(O6*(P6/2)*5)*0.95/1000 -> 128.25 | W6: =(S6*(T6/2)*5)*0.93/1000 -> 125.55 | X6: =(((I6*((O6/1000)/L6))*G6))*0.001 -> 74.529755 | Y6: =(((P6*10)*(S6/1000)/L6)*K6)*G6*0.001 -> 74.529755
C7: шахматка | E7: TK-98-72-WHT | F7: Ткань рукав 98см 72г/м² белая | G7: 38 | H7: 72 | I7: 652 | J7: 1960 | K7: 1.96 | L7: 9 | M7: NIT-950-BLUE | N7: 3 | O7: 950 | P7: 33 | Q7: NIT-950-BLUE | R7: 3 | S7: 950 | T7: 33 | U7: =O7/9*P7/100+S7/9*T7/100 -> 69.666667 | V7: =(O7*(P7/2)*5)*0.95/1000 -> 74.45625 | W7: =(S7*(T7/2)*5)*0.93/1000 -> 72.88875 | X7: =(((I7*((O7/1000)/L7))*G7))*0.001 -> 2.6152444 | Y7: =(((P7*10)*(S7/1000)/L7)*K7)*G7*0.001 -> 2.5943867
